Book Id,Title,Author,Author l-f,Additional Authors,ISBN,ISBN13,My Rating,Publisher,Binding,Number of Pages,Year Published,Original Publication Year,Date Read,Date Added,Bookshelves,Bookshelves with positions,Exclusive Shelf,My Review,Spoiler,Private Notes,Read Count,Owned Copies
43877,The Monk Who Sold His Ferrari: A Fable About Fulfilling Your Dreams and Reaching Your Destiny,Robin Sharma,"Sharma, Robin",,"=""0062515675""","=""9780062515674""",0,HarperOne,Paperback,208,1999,1996,,2011/11/03,did-not-finish,did-not-finish (#2),did-not-finish,,,,0,0
634583,Wings of Fire: An Autobiography,A.P.J. Abdul Kalam,"Kalam, A.P.J. Abdul",Arun Tiwari,"=""8173711461""","=""9788173711466""",0,Universities Press,Paperback,180,2011,1999,,2011/11/03,did-not-finish,did-not-finish (#1),did-not-finish,,,,0,0
11468377,"Thinking, Fast and Slow",Daniel Kahneman,"Kahneman, Daniel",,"=""0374275637""","=""9780374275631""",0,"Farrar, Straus and Giroux",Hardcover,499,2011,2011,,2012/03/16,did-not-finish,did-not-finish (#3),did-not-finish,,,,0,0
37380,The Heart Is a Lonely Hunter,Carson McCullers,"McCullers, Carson",,"=""0618084746""","=""9780618084746""",5.0,Mariner Books,Paperback,359,1961,1940,2026/02/03,2026/02/03,,,read,,,,1,0
39284186,No Friend But the Mountains: Writing from Manus Prison,Behrouz Boochani,"Boochani, Behrouz","Omid Tofighian, Alenka Ropret","=""176055538X""","=""9781760555382""",5.0,Pan Macmillan Australia,Paperback,374,2018,2018,2025/12/25,2019/02/28,,,read,,,,1,0
54493401,Project Hail Mary,Andy Weir,"Weir, Andy",,"=""0593135202""","=""9780593135204""",5.0,Ballantine Books,Hardcover,476,2021,2021,2025/12/20,2025/12/20,,,read,,,,1,0
214152261,Flesh,David Szalay,"Szalay, David",,"=""198212279X""","=""9781982122799""",0,Scribner,Hardcover,368,2025,2025,,2025/12/05,,,read,,,,1,0
54983,Oranges,John McPhee,"McPhee, John",,"=""0141182032""","=""9780141182032""",5.0,Penguin,Paperback,160,2000,1967,,2025/11/26,,,read,,,,1,0
35680980,गोदान,Munshi Premchand,"Premchand, Munshi",,"=""""","=""""",0,Sai ePublications,Kindle Edition,505,2017,1936,,2025/11/05,currently-reading,currently-reading (#8),currently-reading,,,,1,0
24796131,101 Artists to Listen to Before You Die,Ricardo Cavolo,"Cavolo, Ricardo",,"=""1910620009""","=""9781910620007""",5.0,Nobrow,Hardcover,232,2015,2015,,2025/11/02,"coffee-table, to-read","coffee-table (#1), to-read (#40)",to-read,,,,1,0
38508,The Firm,John Grisham,"Grisham, John",,"=""""","=""""",5.0,Arrow Books,Paperback,496,1998,1991,,2013/08/05,,,read,,,,1,0
60770722,Kitchen Confidential: Insider's Edition,Anthony Bourdain,"Bourdain, Anthony",,"=""1526650959""","=""9781526650955""",0,,Paperback,0,2021,2000,,2023/07/17,currently-reading,currently-reading (#7),currently-reading,,,,1,0
4069,Man's Search for Meaning,Viktor E. Frankl,"Frankl, Viktor E.","Ilse Lasch, William J. Winslade, Harold S. Kushner","=""080701429X""","=""9780807014295""",0,Beacon Press,Paperback,165,2006,1946,,2017/01/13,,,read,,,,1,0
22034,"The Godfather (The Godfather, #1)",Mario Puzo,"Puzo, Mario","Peter Bart, Robert Thompson","=""""","=""""",5.0,NAL,Paperback,428,2002,1969,2023/10/01,2023/09/28,,,read,,,,1,0
35407549,Himalaya Bound: One Family's Quest to Save their Animals—And an Ancient Way of Life,Michael Benanav,"Benanav, Michael",,"=""1681776227""","=""9781681776224""",0,Pegasus Books,Hardcover,224,2018,2015,,2023/09/28,to-read,to-read (#39),to-read,,,,0,0
36374034,Why Buddhism is True: The Science and Philosophy of Meditation and Enlightenment,Robert  Wright,"Wright, Robert",,"=""1439195463""","=""9781439195468""",0,Simon & Schuster,Paperback,321,2018,2017,,2023/07/17,,,read,,,,1,0
40603783,The Defining Decade: Why Your Twenties Matter—And How to Make the Most of Them Now,Meg Jay,"Jay, Meg",,"=""""","=""""",0,Twelve,Kindle Edition,273,2012,2012,,2023/07/17,,,read,,,,1,0
30212070,The Joy of Work,S.A. Sapre,"Sapre, S.A.",,"=""8123720211""","=""9788123720210""",0,"National Book Trust, India",Paperback,90,1996,,,2022/07/08,,,read,,,,1,0
2329073,"Money, Sex, War, Karma: Notes for a Buddhist Revolution",David R. Loy,"Loy, David R.",,"=""0861715586""","=""9780861715589""",5.0,Wisdom Publications,Paperback,176,2008,2008,,2021/04/27,,,read,,,,1,0
195653,A Still Forest Pool: The Insight Meditation of Achaan Chah (Quest Book),Ajahn Chah,"Chah, Ajahn","Jack Kornfield, Paul Breiter","=""0835605973""","=""9780835605977""",0,Quest Books,Paperback,216,2004,1985,,2020/09/29,,,read,,,,1,0
10138607,Habibi,Craig Thompson,"Thompson, Craig",,"=""0375424148""","=""9780375424144""",0,Pantheon,Hardcover,672,2011,2011,,2020/09/19,,,read,,,,1,0
18222843,Stuff Matters: Exploring the Marvelous Materials That Shape Our Man-Made World,Mark Miodownik,"Miodownik, Mark",,"=""0544236041""","=""9780544236042""",0,Houghton Mifflin Harcourt,Hardcover,252,2014,2013,,2020/08/14,,,read,,,,1,0
39018271,Batman: The Court of Owls Saga,Scott Snyder,"Snyder, Scott",Greg Capullo,"=""1401284337""","=""9781401284336""",5.0,DC Comics,Paperback,320,2018,2011,,2020/07/18,,,read,,,,1,0
861023,A Contract with God and Other Tenement Stories (The Contract With God Trilogy #1),Will Eisner,"Eisner, Will",,"=""0878160183""","=""9780878160181""",5.0,Kitchen Sink Press,Paperback,196,1985,1978,,2020/06/21,,,read,,,,1,0
6375845,Batman: Hush,Jeph Loeb,"Loeb, Jeph","Jim Lee, Scott  Williams","=""1401223176""","=""9781401223175""",5.0,DC Comics,Paperback,320,2009,2002,,2020/06/21,,,read,,,,1,0
20926077,"The Terrible and Wonderful Reasons Why I Run Long Distances (The Oatmeal, #5)",Matthew Inman,"Inman, Matthew",,"=""144946727X""","=""9781449467272""",0,Andrews McMeel Publishing,Paperback,148,2014,2014,,2019/05/13,,,read,,,,1,0
325472,The Complete Chronicles of Narnia (The Chronicles of Narnia),C.S. Lewis,"Lewis, C.S.",Pauline Baynes,"=""""","=""""",0,HarperCollins,Hardcover,524,2000,1956,,2019/05/13,currently-reading,currently-reading (#6),currently-reading,,,,2,0
2247644,Jonathan Livingston Seagull,Richard Bach,"Bach, Richard",,"=""817223578X""","=""9788172235789""",0,Harper Element,Paperback,127,2005,1970,,2019/05/13,,,read,,,,1,0
29978522,Dare to Do: Taking on the planet by bike and boat,Sarah Outen,"Outen, Sarah",,"=""1857886410""","=""9781857886412""",0,Nicholas Brealey Publishing,Hardcover,288,2016,2016,,2019/05/13,to-read,to-read (#38),to-read,,,,0,0
20300524,The Sick Rose: Disease and the Art of Medical Illustration,Richard Barnett,"Barnett, Richard",,"=""1938922409""","=""9781938922404""",0,D.A.P.,Hardcover,256,2014,2014,,2019/05/13,"to-read, nf-compendium","to-read (#37), nf-compendium (#1)",to-read,,,,0,0
41553921,The Shooting Star,Shivya Nath,"Nath, Shivya",,"=""0143443194""","=""9780143443193""",0,PENGUIN INDIA,Paperback,216,2018,2018,,2019/05/13,to-read,to-read (#36),to-read,,,,0,0
485894,The Metamorphosis,Franz Kafka,"Kafka, Franz",Stanley Corngold,"=""0553213695""","=""9780553213690""",0,Bantam Classics,Mass Market Paperback,201,1972,1915,,2019/05/07,,,read,,,,1,0
22593419,Ayoade on Ayoade: A Cinematic Odyssey,Richard Ayoade,"Ayoade, Richard",,"=""0571316522""","=""9780571316526""",0,Faber & Faber,Paperback,303,2014,2014,,2019/04/25,,,read,,,,1,0
45020269,How To Bullsh*t Your Way To Number 1: An Unorthodox Guide To 21st Century Success,Oobah Butler,"Butler, Oobah",,"=""1513646818""","=""9781513646817""",5.0,Where Publications,Kindle Edition,89,2019,,2019/04/24,2019/04/23,,,read,,,,1,0
16982,Marvels,Kurt Busiek,"Busiek, Kurt",Alex Ross,"=""0785100490""","=""9780785100492""",0,Marvel Comics,Paperback,216,2003,1993,,2019/02/28,,,read,,,,1,0
3153910,The Art of Racing in the Rain,Garth Stein,"Stein, Garth",,"=""1554681723""","=""9781554681723""",4.0,Harper Collins,Hardcover,336,2008,2008,2019/02/28,2012/05/04,,,read,,,,1,0
26135825,Fun Home: A Family Tragicomic,Alison Bechdel,"Bechdel, Alison",,"=""0618871713""","=""9780618871711""",0,Mariner Books,Paperback,232,2007,2006,,2019/02/28,,,read,,,,1,0
4070095,Asterios Polyp,David Mazzucchelli,"Mazzucchelli, David",,"=""0307377326""","=""9780307377326""",5.0,Pantheon,Hardcover,324,2009,2009,2019/02/22,2019/02/22,,,read,,,,1,0
13602241,The Underwater Welder,Jeff Lemire,"Lemire, Jeff",Steve Wands,"=""1603090746""","=""9781603090742""",5.0,Top Shelf,Paperback,224,2012,2012,,2019/02/17,,,read,,,,1,0
120756,Sshhh!,Jason,"Jason, Jason",,"=""1560974974""","=""9781560974970""",0,Fantagraphics Books,Paperback,120,2008,2000,,2019/02/12,,,read,,,,1,0
10889279,Batman: The Black Mirror,Scott Snyder,"Snyder, Scott","Jock, Francesco Francavilla, Jared K. Fletcher, Sal Cipriano, David   Baron","=""140123206X""","=""9781401232061""",5.0,DC Comics,Hardcover,288,2011,2011,,2019/01/22,,,read,,,,1,0
102920,Understanding Comics: The Invisible Art,Scott McCloud,"McCloud, Scott",,"=""""","=""""",5.0,HarperPerennial,Paperback,222,1993,1993,,2019/01/21,,,read,,,,1,0
991197,The Complete Persepolis,Marjane Satrapi,"Satrapi, Marjane",,"=""0375714839""","=""9780375714832""",5.0,Pantheon Books,Paperback,341,2007,2007,,2015/11/18,,,read,,,,1,0
25899336,When Breath Becomes Air,Paul Kalanithi,"Kalanithi, Paul",Abraham   Verghese,"=""0812988418""","=""9780812988413""",5.0,Random House,Kindle Edition,208,2016,2016,,2016/08/22,,,read,,,,1,0
105703,Pride of Baghdad,Brian K. Vaughan,"Vaughan, Brian K.","Niko Henrichon, Todd Klein","=""1401203140""","=""9781401203146""",0,Vertigo,Hardcover,136,2006,2006,2018/12/17,2018/12/17,,,read,,,,1,0
22374,Batman: Arkham Asylum - A Serious House on Serious Earth,Grant Morrison,"Morrison, Grant",Dave McKean,"=""1401204252""","=""9781401204259""",5.0,DC Comics,Paperback,216,2005,1989,,2018/12/11,,,read,,,,1,0
37264,"Good-Bye, Chunky Rice",Craig Thompson,"Thompson, Craig",,"=""0375714766""","=""9780375714764""",5.0,Pantheon,Paperback,128,2006,1999,,2018/12/11,,,read,,,,1,0
32569560,The Windfall,Diksha Basu,"Basu, Diksha",Soneela Nankani,"=""1524774111""","=""9781524774110""",5.0,Books on Tape,Audio CD,,2017,2017,,2018/03/06,,,read,,,,1,0
29726952,The World of Edena,Mœbius,"Mœbius, Mœbius","Laure Dupont, Brandon Kander, Diana Schutz, Philip R. Simon","=""1506702163""","=""9781506702162""",4.0,Dark Horse Books,Hardcover,350,2016,2001,,2018/12/09,,,read,,,,1,0
25179,Blankets,Craig Thompson,"Thompson, Craig",,"=""1891830430""","=""9781891830433""",5.0,Top Shelf Productions,Paperback,582,2003,2003,2018/12/01,2018/12/01,,,read,,,,1,0
7604,Lolita,Vladimir Nabokov,"Nabokov, Vladimir",Craig Raine,"=""""","=""""",0,Penguin,Paperback,368,1995,1955,,2018/12/01,"purchased-but-not-read, currently-reading","purchased-but-not-read (#2), currently-reading (#5)",currently-reading,,,,1,0
34890015,Factfulness: Ten Reasons We're Wrong About the World – and Why Things Are Better Than You Think,Hans Rosling,"Rosling, Hans","Ola Rosling, Anna Rosling Rönnlund","=""1473637465""","=""9781473637467""",0,Sceptre,Hardcover,342,2018,2018,,2018/12/01,"purchased-but-not-read, currently-reading","purchased-but-not-read (#1), currently-reading (#4)",currently-reading,,,,1,0
20696006,Being Mortal: Medicine and What Matters in the End,Atul Gawande,"Gawande, Atul",,"=""0805095152""","=""9780805095159""",5.0,Metropolitan Books,Hardcover,282,2014,2014,2018/09/13,2018/09/12,,,read,,,,1,0
6375312,"Don't Lose Your Mind, Lose Your Weight",Rujuta Diwekar,"Diwekar, Rujuta",Kareena Kapoor,"=""8184000669""","=""9788184000665""",0,Random House Books ,Paperback,279,2009,2009,,2018/07/01,,,read,,,,1,0
136251,"Harry Potter and the Deathly Hallows (Harry Potter, #7)",J.K. Rowling,"Rowling, J.K.",,"=""""","=""""",0,Arthur A. Levine Books,Hardcover,759,2007,2007,,2018/03/28,,,read,,,,1,0
95186,The Inheritance of Loss,Kiran Desai,"Desai, Kiran",,"=""0802142818""","=""9780802142818""",5.0,Grove Press,Paperback,357,2005,2005,,2018/03/21,,,read,,,,1,0
1,"Harry Potter and the Half-Blood Prince (Harry Potter, #6)",J.K. Rowling,"Rowling, J.K.",,"=""""","=""""",5.0,Scholastic Inc,Paperback,652,2006,2005,,2018/03/06,,,read,,,,1,0
6,"Harry Potter and the Goblet of Fire (Harry Potter, #4)",J.K. Rowling,"Rowling, J.K.",Mary GrandPré,"=""0439139597""","=""9780439139595""",0,Scholastic,Paperback,734,2002,2000,,2018/01/26,,,read,,,,1,0
6900,"Tuesdays with Morrie: An Old Man, a Young Man, and Life's Greatest Lesson",Mitch Albom,"Albom, Mitch",,"=""""","=""""",0,Warner,Paperback,210,2000,1997,,2017/12/15,,,read,,,,1,0
168668,Catch-22,Joseph Heller,"Heller, Joseph",,"=""0684833395""","=""9780684833392""",5.0,Simon & Schuster ,Paperback,453,2004,1961,,2011/11/03,,,read,,,,1,0
213233,Better: A Surgeon's Notes on Performance,Atul Gawande,"Gawande, Atul",,"=""0805082115""","=""9780805082111""",0,Metropolitan Books,Hardcover,288,2007,2007,2017/09/14,2017/08/21,,,read,,,,1,0
31920777,American Kingpin: The Epic Hunt for the Criminal Mastermind Behind the Silk Road,Nick Bilton,"Bilton, Nick",,"=""1591848148""","=""9781591848141""",0,Portfolio,Hardcover,328,2017,2017,,2017/09/14,to-read,to-read (#35),to-read,,,,0,0
29868612,A Life in Parts,Bryan Cranston,"Cranston, Bryan",,"=""1476793859""","=""9781476793856""",0,Scribner,Hardcover,276,2016,2016,,2017/09/14,to-read,to-read (#34),to-read,,,,0,0
5,"Harry Potter and the Prisoner of Azkaban (Harry Potter, #3)",J.K. Rowling,"Rowling, J.K.",Mary GrandPré,"=""043965548X""","=""9780439655484""",0,Scholastic Inc.,Mass Market Paperback,547,2004,1999,,2017/09/14,,,read,,,,1,0
15881,"Harry Potter and the Chamber of Secrets (Harry Potter, #2)",J.K. Rowling,"Rowling, J.K.",Mary GrandPré,"=""""","=""""",0,Arthur A. Levine Books,Hardcover,341,1999,1998,,2017/09/04,,,read,,,,1,0
85697,The Art of Possibility: Transforming Professional and Personal Life,Rosamund Stone Zander,"Zander, Rosamund Stone",Benjamin Zander,"=""0142001104""","=""9780142001103""",0,Penguin Books,Paperback,210,2002,2000,,2017/08/21,currently-reading,currently-reading (#3),currently-reading,,,,1,0
13069874,Jerusalem,Alan Moore,"Moore, Alan",,"=""1631491342""","=""9781631491344""",0,Liveright Publishing Corporation,Hardcover,1266,2016,2016,,2017/08/21,currently-reading,currently-reading (#2),currently-reading,,,,1,0
3,"Harry Potter and the Sorcerer's Stone (Harry Potter, #1)",J.K. Rowling,"Rowling, J.K.",,"=""0439554934""","=""9780439554930""",0,Scholastic Inc,Hardcover,309,2003,1997,,2017/08/21,,,read,,,,1,0
15195,The Complete Maus,Art Spiegelman,"Spiegelman, Art",,"=""0141014083""","=""9780141014081""",5.0,Penguin Books,Paperback,296,2003,1980,,2016/02/13,,,read,,,,1,0
9712,Love in the Time of Cholera,Gabriel García Márquez,"Márquez, Gabriel García","Kjell Risvik, Edith Grossman, Carlos Marrodán Casas","=""140003468X""","=""9781400034680""",0,Vintage International,Paperback,348,2003,1985,,2017/07/07,,,read,,,,1,0
4477,Complications: A Surgeon's Notes on an Imperfect Science,Atul Gawande,"Gawande, Atul",,"=""0312421702""","=""9780312421700""",0,Metropolitan Books,Paperback,270,2003,2002,,2017/05/17,,,read,,,,1,0
119073,The Name of the Rose,Umberto Eco,"Eco, Umberto",William Weaver,"=""0156001314""","=""9780156001311""",0,Houghton Mifflin Harcourt,Paperback,552,1994,1980,,2017/04/28,,,read,,,,1,0
96358,Batman: The Killing Joke,Alan Moore,"Moore, Alan","Brian Bolland, Tim Sale","=""0930289455""","=""9780930289454""",0,DC Comics,Paperback,50,1995,1988,,2017/03/06,,,read,,,,1,0
2864204,Breakdowns: Portrait of the Artist as a Young %@&*! (Pantheon Graphic Library),Art Spiegelman,"Spiegelman, Art",,"=""0375423958""","=""9780375423956""",0,Pantheon,Hardcover,72,2008,1977,,2016/04/14,,,read,,,,1,0
518300,Mottled Dawn: Fifty Sketches and Stories of Partition,Saadat Hasan Manto,"Manto, Saadat Hasan",Khalid Hassan,"=""0140272127""","=""9780140272123""",0,Penguin Books,Paperback,214,2004,1997,,2017/01/13,,,read,,,,1,0
6667514,The Checklist Manifesto: How to Get Things Right,Atul Gawande,"Gawande, Atul",,"=""0805091742""","=""9780805091748""",0,Metropolitan Books,Hardcover,208,2009,2009,,2016/11/23,,,read,,,,1,0
4799,"Cannery Row (Cannery Row, #1)",John Steinbeck,"Steinbeck, John",,"=""014200068X""","=""9780142000687""",0,Penguin Books,Paperback,181,2002,1943,,2016/09/28,,,read,,,,1,0
6304264,The Wish Maker,Ali Sethi,"Sethi, Ali",,"=""1594488754""","=""9781594488757""",5.0,Riverhead Hardcover,Hardcover,432,2009,2009,,2016/09/14,,,read,,,,1,0
25614994,Fight Club 2,Chuck Palahniuk,"Palahniuk, Chuck","Cameron   Stewart, David W. Mack","=""1616559454""","=""9781616559458""",0,Dark Horse Books,Hardcover,276,2016,2015,,2016/09/08,,,read,,,,1,0
332613,One Flew Over the Cuckoo's Nest,Ken Kesey,"Kesey, Ken",,"=""""","=""""",0,Signet,Mass Market Paperback,325,1963,1962,2016/06/12,2016/06/02,,,read,,,,1,0
25489025,The Vegetarian,Han Kang,"Kang, Han",Deborah Smith,"=""0553448188""","=""9780553448184""",0,Hogarth,Hardcover,158,2016,2007,,2016/06/12,,,read,,,,1,0
29083570,ठीक तुम्हारे पीछे [Theek Tumhare Peechhe],Manav Kaul,"Kaul, Manav",,"=""9384419400""","=""9789384419400""",0,Hind Yugm,Paperback,192,2016,2016,,2016/06/02,currently-reading,currently-reading (#1),currently-reading,,,,1,0
91201,Doctors,Erich Segal,"Segal, Erich",,"=""0553278118""","=""9780553278118""",4.0,Bantam,Mass Market Paperback,675,1989,1988,2016/06/02,2016/03/24,,,read,,,,1,0
7624,Lord of the Flies,William Golding,"Golding, William",,"=""0140283331""","=""9780140283334""",0,Penguin Books ,Paperback,182,1999,1954,,2011/11/03,,,read,,,,1,0
930,Memoirs of a Geisha,Arthur Golden,"Golden, Arthur",,"=""0739326228""","=""9780739326220""",0,Random House Large Print,Hardcover,434,2005,1997,,2016/03/15,to-read,to-read (#33),to-read,,,,0,0
23363874,Reasons to Stay Alive,Matt Haig,"Haig, Matt",,"=""1782115080""","=""9781782115083""",0,Canongate Books,Hardcover,266,2015,2015,,2016/03/15,to-read,to-read (#32),to-read,,,,0,0
203586,"For God, Country & Coca-Cola: The Definitive History of the Great American Soft Drink and the Company That Makes It",Mark Pendergrast,"Pendergrast, Mark",,"=""0465054684""","=""9780465054688""",0,Basic Books,Paperback,664,2000,1993,,2016/03/14,to-read,to-read (#31),to-read,,,,0,0
10152839,Hookers or Cake,Jade Bos,"Bos, Jade",Lewd Pony Press,"=""098284820X""","=""9780982848203""",0,Lewd Pony Press,Paperback,102,2010,2010,,2016/02/20,to-read,to-read (#30),to-read,,,,0,0
472331,Watchmen,Alan Moore,"Moore, Alan","Dave Gibbons, John    Higgins","=""0930289234""","=""9780930289232""",0,DC Comics,Paperback,416,2005,1987,,2016/02/05,,,read,,,,1,0
2909444,The Best of 2600: A Hacker Odyssey,Emmanuel Goldstein,"Goldstein, Emmanuel",,"=""0470294191""","=""9780470294192""",0,Wiley,Hardcover,871,2008,2008,,2015/12/25,to-read,to-read (#29),to-read,,,,0,0
9319468,Kingpin: How One Hacker Took Over the Billion-Dollar Cybercrime Underground,Kevin Poulsen,"Poulsen, Kevin",,"=""0307588688""","=""9780307588685""",0,Crown,Hardcover,288,2011,2011,,2015/12/25,to-read,to-read (#28),to-read,,,,0,0
10256723,Ghost in the Wires: My Adventures as the World's Most Wanted Hacker,Kevin D. Mitnick,"Mitnick, Kevin D.","Steve Wozniak, William L. Simon","=""0316037702""","=""9780316037709""",0,"Little, Brown and Company",Hardcover,413,2011,2011,,2015/12/25,,,read,,,,1,0
9969571,"Ready Player One (Ready Player One, #1)",Ernest Cline,"Cline, Ernest",,"=""030788743X""","=""9780307887436""",0,Crown Publishers,Hardcover,480,2011,2011,,2015/11/10,,,read,,,,1,0
18007564,The Martian,Andy Weir,"Weir, Andy",,"=""0804139024""","=""9780804139021""",0,Crown Publishers,Hardcover,369,2014,2011,,2015/09/28,,,read,,,,1,0
7170627,The Emperor of All Maladies: A Biography of Cancer,Siddhartha Mukherjee,"Mukherjee, Siddhartha",,"=""""","=""""",0,Scribner,Hardcover,472,2010,2010,,2015/09/28,,,read,,,,1,0
24728478,Gray Mountain,John Grisham,"Grisham, John",Eduardo Iriarte,"=""1101910763""","=""9781101910764""",0,Vintage Espanol,Paperback,480,2015,2014,,2015/09/28,,,read,,,,1,0
9500142,Train to Pakistan,Khushwant Singh,"Singh, Khushwant",,"=""0143065882""","=""9780143065883""",0,India Penguin,Paperback,190,2016,1956,,2015/06/17,,,read,,,,1,0
33600,Shantaram,Gregory David Roberts,"Roberts, Gregory David",,"=""192076920X""","=""9781920769208""",5.0,Scribe,Paperback,936,2004,2003,2015/03/12,2013/01/29,,,read,,,,1,0
70401,On the Road,Jack Kerouac,"Kerouac, Jack",,"=""0140042598""","=""9780140042597""",0,Penguin Books,Paperback,307,1976,1957,,2015/03/12,,,read,,,,1,0
123698,The Psychedelic Experience: A Manual Based on the Tibetan Book of the Dead,Timothy Leary,"Leary, Timothy",,"=""0806516526""","=""9780806516523""",0,Citadel Underground,Paperback,160,2000,1964,,2014/09/08,to-read,to-read (#27),to-read,,,,0,0
199463,Hippie,Barry Miles,"Miles, Barry",,"=""1402728735""","=""9781402728730""",0,Sterling,Paperback,384,2005,2003,,2014/09/08,to-read,to-read (#26),to-read,,,,0,0
1815,Breaking Open the Head: A Psychedelic Journey into the Heart of Contemporary Shamanism,Daniel Pinchbeck,"Pinchbeck, Daniel",,"=""0767907434""","=""9780767907439""",0,Broadway Books,Paperback,337,2003,2002,,2014/09/08,to-read,to-read (#25),to-read,,,,0,0
116178,Cannabis: A History,Martin Booth,"Booth, Martin",,"=""0312424949""","=""9780312424947""",0,Picador,Paperback,448,2005,2003,,2014/09/08,to-read,to-read (#24),to-read,,,,0,0
11073526,"Save Yourself, Mammal!",Zach Weinersmith,"Weinersmith, Zach",,"=""098285370X""","=""9780982853702""",0,Breadpig Inc,Paperback,88,2011,2011,,2014/09/08,to-read,to-read (#23),to-read,,,,0,0
114867,True Hallucinations,Terence McKenna,"McKenna, Terence",,"=""0062506528""","=""9780062506528""",0,HarperOne (NYC),Paperback,256,1994,1993,,2014/09/08,to-read,to-read (#22),to-read,,,,0,0
301928,The Way of the Bodhisattva,Śhāntideva,"Śhāntideva, Śhāntideva","Padmakara Translation Group, Dalai Lama XIV","=""1590300572""","=""9781590300572""",0,Shambhala,Paperback,224,2003,700,,2014/09/08,to-read,to-read (#21),to-read,,,,0,0
149695,River of Death,Alistair MacLean,"MacLean, Alistair",,"=""000616496X""","=""9780006164968""",0,HarperCollins,Paperback,208,2009,1981,,2014/09/03,,,read,,,,1,0
2122,The Fountainhead,Ayn Rand,"Rand, Ayn",Leonard Peikoff,"=""""","=""""",0,Signet Book,Mass Market Paperback,704,1996,1943,,2014/06/26,,,read,,,,1,0
73968,"Love Story (Love Story, #1)",Erich Segal,"Segal, Erich",,"=""0380017601""","=""9780380017607""",0,HarperTorch,Paperback,224,2002,1969,,2014/03/17,,,read,,,,1,0
13496,"A Game of Thrones (A Song of Ice and Fire, #1)",George R.R. Martin,"Martin, George R.R.",,"=""""","=""""",5.0,Bantam,Mass Market Paperback,835,2005,1996,,2013/10/27,,,read,,,,1,0
295000,Cutting Through Spiritual Materialism,Chögyam Trungpa,"Trungpa, Chögyam",,"=""1570629579""","=""9781570629570""",0,Shambhala,Paperback,272,2002,1973,,2013/08/16,to-read,to-read (#20),to-read,,,,0,0
60551,The Book: On the Taboo Against Knowing Who You Are,Alan W. Watts,"Watts, Alan W.",,"=""0679723005""","=""9780679723004""",0,Vintage,Mass Market Paperback,163,1989,1966,,2013/08/16,to-read,to-read (#19),to-read,,,,0,0
29254,Be Here Now,Ram Dass,"Dass, Ram",Richard Alpert,"=""0517543052""","=""9780517543054""",5.0,"Lama Foundation (San Cristobal, NM)",Paperback,416,1971,1971,,2013/08/16,,,read,,,,1,0
1081637,The Road Ahead,Bill  Gates,"Gates, Bill","Nathan Myhrvold, Peter Rinearson","=""0670772895""","=""9780670772896""",0,Viking Pr,Hardcover,286,1995,1995,,2013/08/13,,,read,,,,1,0
26109,The Joke's Over: Ralph Steadman on Hunter S. Thompson,Ralph Steadman,"Steadman, Ralph",,"=""0151012822""","=""9780151012824""",0,Houghton Mifflin Harcourt,Hardcover,396,2006,2006,,2013/08/09,to-read,to-read (#18),to-read,,,,0,0
12448586,Boy + Bot,Ame Dyckman,"Dyckman, Ame",Dan Yaccarino,"=""0375867562""","=""9780375867569""",0,Alfred A. Knopf,Hardcover,32,2012,2012,,2013/08/09,to-read,to-read (#17),to-read,,,,0,0
2329246,"1,000 Artist Journal Pages: Personal Pages and Inspirations (1000 Series)",Dawn DeVries Sokol,"Sokol, Dawn DeVries",,"=""1592534120""","=""9781592534128""",0,Quarry Books,Paperback,320,2008,2008,,2013/08/09,to-read,to-read (#16),to-read,,,,0,0
8791,"LSD: My Problem Child – Reflections on Sacred Drugs, Mysticism and Science",Albert Hofmann,"Hofmann, Albert",Stanislav Grof,"=""0966001982""","=""9780966001983""",0,Multidisciplinary Assn for,Paperback,232,2005,1979,,2013/08/09,to-read,to-read (#15),to-read,,,,0,0
7723542,"A Dog's Purpose (A Dog's Purpose, #1)",W. Bruce Cameron,"Cameron, W. Bruce",,"=""0765326264""","=""9780765326263""",0,Forge Books,Hardcover,319,2010,2010,,2013/08/09,to-read,to-read (#14),to-read,,,,0,0
260352,"Acid Dreams: The CIA, LSD and the Sixties Rebellion",Martin A. Lee,"Lee, Martin A.",Bruce Shlain,"=""0802130623""","=""9780802130624""",0,Grove Press,Paperback,384,1994,1985,,2013/08/09,to-read,to-read (#13),to-read,,,,0,0
51654,DMT: The Spirit Molecule,Rick Strassman,"Strassman, Rick",,"=""0892819278""","=""9780892819270""",0,Park Street Press,Paperback,362,2001,2000,,2013/08/09,to-read,to-read (#12),to-read,,,,0,0
378208,"Plants of the Gods: Their Sacred, Healing, and Hallucinogenic Powers",Richard Evans Schultes,"Schultes, Richard Evans","Albert Hofmann, Christian Rätsch","=""0892819790""","=""9780892819799""",0,Healing Arts Press,Paperback,208,2001,1979,,2013/08/09,to-read,to-read (#11),to-read,,,,0,0
23955,Trainspotting,Irvine Welsh,"Welsh, Irvine",Eric Lindor Fall,"=""2020336464""","=""9782020336468""",0,Seuil,Mass Market Paperback,344,1998,1993,,2013/08/09,to-read,to-read (#10),to-read,,,,0,0
46945,Requiem for a Dream,Hubert Selby Jr.,"Jr., Hubert Selby","Darren Aronofsky, Richard Price","=""1560252480""","=""9781560252481""",0,Grand Central Publishing,Paperback,279,1999,1978,,2013/08/09,to-read,to-read (#9),to-read,,,,0,0
4381,Fahrenheit 451,Ray Bradbury,"Bradbury, Ray",,"=""0307347974""","=""9780307347978""",0,DeBolsillo,Mass Market Paperback,158,2004,1963,,2013/08/09,to-read,to-read (#8),to-read,,,,0,0
8770502,Ice Cream & Sadness,Kris Wilson,"Wilson, Kris",Matt Melvin,"=""0007319614""","=""9780007319619""",0,HarperCollins Publishers,Hardcover,176,2010,2010,,2013/08/09,to-read,to-read (#7),to-read,,,,0,0
7613,Animal Farm,George Orwell,"Orwell, George","Ann Patchett, Téa Obreht","=""""","=""""",5.0,Plume,Paperback,129,2003,1945,,2013/01/01,,,read,,,,1,0
19380,Candide,Voltaire,"Voltaire, Voltaire","Walter Jerrold, Rockwell Kent, Don Hagen, Sara Gioacchino Corcos","=""0486266893""","=""9780486266893""",4.0,"Dover Publications, Incorporated",Paperback,129,1991,1759,,2012/03/16,,,read,,,,1,0
301931,Freakonomics: A Rogue Economist Explores the Hidden Side of Everything,Steven D. Levitt,"Levitt, Steven D.",Stephen J. Dubner,"=""0141019018""","=""9780141019017""",5.0,Penguin,Paperback,320,2006,2005,2011/11/21,2011/11/03,,,read,,,,1,0
5470,1984,George Orwell,"Orwell, George",,"=""""","=""""",5.0,New American Library,Mass Market Paperback,328,1950,1949,,2013/01/01,,,read,,,,1,0
6288,The Road,Cormac McCarthy,"McCarthy, Cormac",,"=""0307265439""","=""9780307265432""",4.0,Alfred A. Knopf,Hardcover,241,2006,2006,,2011/11/03,,,read,,,,1,0
3342431,The Last Lecture,Randy Pausch,"Pausch, Randy",Jeffrey Zaslow,"=""0340977736""","=""9780340977736""",5.0,Hodder & Stoughton,Paperback,206,2008,2008,,2011/11/03,,,read,,,,1,0
18373,Flowers for Algernon,Daniel Keyes,"Keyes, Daniel",,"=""015603008X""","=""9780156030083""",4.0,Harvest Books,Paperback,311,2004,1966,,2013/06/29,,,read,,,,1,0
33917,The Namesake,Jhumpa Lahiri,"Lahiri, Jhumpa",,"=""0618485228""","=""9780618485222""",4.0,Mariner,Paperback,304,2003,2003,,2013/01/02,,,read,,,,1,0
9260507,5 Very Good Reasons to Punch a Dolphin in the Mouth and Other Useful Guides,Matthew Inman,"Inman, Matthew",,"=""1449401163""","=""9781449401160""",5.0,FisicalBook,Paperback,160,2011,2010,,2011/11/03,,,read,,,,1,0
12005016,Steve Jobs,Walter Isaacson,"Isaacson, Walter",,"=""1408703742""","=""9781408703748""",5.0,"Little, Brown",Hardcover,630,2011,2011,2011/12/13,2011/11/03,,,read,,,,1,0
40102,Blink: The Power of Thinking Without Thinking,Malcolm Gladwell,"Gladwell, Malcolm","Irina Henegar, Barry Fox","=""0316010669""","=""9780316010665""",4.0,Back Bay Books,Paperback,296,2007,2005,2013/08/02,2012/03/16,,,read,,,,1,0
172732,The Motorcycle Diaries: Notes on a Latin American Journey,Ernesto Che Guevara,"Guevara, Ernesto Che",Aleida Guevara March,"=""1876175702""","=""9781876175702""",0,Ocean Press,Paperback,175,2003,1992,,2013/07/29,,,read,,,,1,0
7745,Fear and Loathing in Las Vegas: A Savage Journey to the Heart of the American Dream,Hunter S. Thompson,"Thompson, Hunter S.",Ralph Steadman,"=""0679785892""","=""9780679785897""",0,Vintage Books,Paperback,204,1998,1971,,2012/05/06,to-read,to-read (#6),to-read,,,,0,0
77203,The Kite Runner,Khaled Hosseini,"Hosseini, Khaled",,"=""159463193X""","=""9781594631931""",4.0,Riverhead Books,Paperback,371,2004,2003,,2013/01/01,,,read,,,,1,0
960,"Angels & Demons (Robert Langdon, #1)",Dan    Brown,"Brown, Dan",,"=""1416524797""","=""9781416524793""",0,Pocket Books,Mass Market Paperback,736,2006,2000,,2013/01/01,,,read,,,,1,0
2,"Harry Potter and the Order of the Phoenix (Harry Potter, #5)",J.K. Rowling,"Rowling, J.K.",Mary GrandPré,"=""0439686520""","=""9780439686525""",0,Scholastic Inc.,Paperback,576,2004,2003,,2013/01/01,,,read,,,,1,0
270730,"Crank (Crank, #1)",Ellen Hopkins,"Hopkins, Ellen",,"=""0689865198""","=""9780689865190""",0,Margaret K. McElderry Books,Paperback,537,2004,2004,,2012/05/06,to-read,to-read (#5),to-read,,,,0,0
305554,Storming Heaven: LSD and the American Dream,Jay Stevens,"Stevens, Jay",,"=""0802135870""","=""9780802135872""",0,Grove Press,Paperback,416,1998,1987,,2012/05/06,to-read,to-read (#4),to-read,,,,0,0
12908814,"Oh No, George!",Chris Haughton,"Haughton, Chris",,"=""0763655465""","=""9780763655464""",0,Candlewick Press,Hardcover,32,2012,2012,,2012/05/04,to-read,to-read (#3),to-read,,,,0,0
11047697,Finish This Book,Keri Smith,"Smith, Keri",,"=""0399536892""","=""9780399536892""",0,Penguin Books,Paperback,208,2011,2011,,2012/05/04,to-read,to-read (#2),to-read,,,,0,0
5129,Brave New World,Aldous Huxley,"Huxley, Aldous",,"=""0060929871""","=""9780060929879""",2.0,HarperPerennial / Perennial Classics,Paperback,288,1998,1932,,2011/11/03,,,read,,,,1,0
4981,Slaughterhouse-Five,Kurt Vonnegut Jr.,"Jr., Kurt Vonnegut",,"=""""","=""""",0,Dial Press,Paperback,275,1999,1969,,2012/03/16,,,read,,,,1,0
13358197,Confessions of a Serial Dieter,Kalli Purie,"Purie, Kalli",,"=""9350291843""","=""9789350291849""",0,HarperCollins Publishers,Paperback,244,2012,2012,,2012/03/16,,,read,,,,1,0
4671,The Great Gatsby,F. Scott Fitzgerald,"Fitzgerald, F. Scott",,"=""0743273567""","=""9780743273565""",0,Scribner,Paperback,180,2025,1925,,2011/11/04,,,read,,,,1,0
865,The Alchemist,Paulo Coelho,"Coelho, Paulo",Alan R. Clarke,"=""0061122416""","=""9780061122415""",2.0,HarperCollins,Paperback,197,1993,1988,,2011/11/03,,,read,,,,1,0
2657,To Kill a Mockingbird,Harper Lee,"Lee, Harper",,"=""0060935464""","=""9780060935467""",5.0,Harper Perennial Modern Classics ,Paperback,323,2006,1960,,2011/11/03,,,read,,,,1,0
5759,Fight Club,Chuck Palahniuk,"Palahniuk, Chuck",,"=""0393327345""","=""9780393327342""",5.0,W.W. Norton & Company (NYC),Paperback,218,2005,1996,,2011/11/03,,,read,,,,1,0
297673,The Brief Wondrous Life of Oscar Wao,Junot Díaz,"Díaz, Junot",,"=""1594489580""","=""9781594489587""",4.0,Riverhead Books,Hardcover,335,2007,2007,,2011/11/03,,,read,,,,1,0
5107,The Catcher in the Rye,J.D. Salinger,"Salinger, J.D.",,"=""0316769177""","=""9780316769174""",5.0,Back Bay Books,Paperback,277,2001,1951,,2011/11/03,,,read,,,,1,0
227463,A Clockwork Orange,Anthony Burgess,"Burgess, Anthony",,"=""""","=""""",0,W. W. Norton & Company,Paperback,192,1986,1962,,2011/11/03,to-read,to-read (#1),to-read,,,,0,0
